RSCID,Discord ID,Name,Franchise,Team,Tier,SBV,GP
RSC002576,498674254213283850,L-Dunk-,The Serpents,Cobras,Veteran,95.05,4
RSC005593,995003582220861520,Tachiino,Italian Battalion,Linguini Lancers,Veteran,91.16,64
RSC004904,118907854777352200,Capricious,Puppy Paradise,Dobermans,Veteran,90.05,10
RSC005602,187663522149171200,Ezjuri,,,Veteran,89.46,14
RSC005066,178270055233093632,Pops Ryan,The Swarm,Yellow Jackets,Veteran,86.69,63
RSC003895,627155057057464330,Gga Astro,The Elements,Water,Veteran,84.39,23
RSC003073,586450386714492928,Perkls,Dungeons And Double Taps,Fighters,Veteran,83.27,27
RSC005795,336189052439232523,Riptide,,,Veteran,81.06,4
RSC005296,287744041221619722,Moose,Pantheon,Quetzalcoatl,Veteran,80.95,60
RSC005684,755526187115086056,Vy,Eight Legged Freaks,Banana Spiders,Veteran,80.74,64
RSC005311,624338638062354455,Venom,Storm,Typhoons,Veteran,80.28,64
RSC003928,501048175692480522,Trevey.,The Nexus,Cepheus,Veteran,79.83,43
RSC005231,320408672813580290,Ryan,Shark Attack,Makos,Veteran,78.70,63
RSC000438,249326300148269058,Limon,Minty Fresh,Peppermint,Veteran,77.35,51
RSC005345,716766352647520346,Roman.,The Jungle,Gorillas,Veteran,75.12,64
RSC005746,500498603132059649,Stealthy_Kid207_,,,Veteran,73.63,4
RSC000254,192173252116742145,Keikotheweeb ,Electric Mayhem,Lightning,Veteran,72.31,39
RSC000579,294451751971454977,Crypt_Rl,Dungeons And Double Taps,Fighters,Veteran,70.05,56
RSC004290,497467599463120907,Megu,The Forest,Werewolves,Veteran,68.61,59
RSC002812,651275529478995978,Gtg Sugar,The Sovereign,Gladiators,Veteran,67.71,61
RSC005009,914192111765688320,Qeetz,Puppy Paradise,Dobermans,Veteran,65.99,41
RSC005290,690735064119509023,Imoldgreg67,Destined,Possessed,Veteran,65.50,54
RSC005508,326568135408746496,Lil Windex,The Garden,Peppers,Veteran,64.66,56
RSC004131,278385369756598272,Poptart Pounder,The Bakery,Rollin Cannolis,Veteran,64.04,63
RSC004630,458304259910533132,Supe,The Sovereign,Gladiators,Veteran,63.45,30
RSC004147,313516747267506177,Atlasxv,Storm,Typhoons,Veteran,63.39,56
RSC004843,205839160999673857,Beastmod1015,The Gods,Hades,Veteran,62.59,54
RSC005065,634553571941023754,Acp.,Shark Attack,Makos,Veteran,62.54,43
RSC000886,453231588017438732,Glizzygod,Storm,,Veteran,62.45,4
RSC002423,348509607926169620,Cubby,Energy,Thermal,Veteran,62.35,57
RSC005100,643231851342725130,Fluffyknightrl,The Monster Mash,Banshees,Veteran,62.29,51
RSC004889,394338049078722561,Steeltoehammer,Cheese Guild,Gouda Gangsters,Veteran,61.80,51
RSC001934,564920971027546160,Bosnia_2003,The Elements,Water,Veteran,60.44,48
RSC000278,257367764975616000,Tinsel,Minty Fresh,Peppermint,Veteran,60.17,59
RSC004356,378739126503211028,Chimmy,The Jungle,Gorillas,Veteran,60.05,63
RSC004331,352089831423213569,Cujo.,Puppy Paradise,Dobermans,Veteran,59.58,39
RSC004766,328402129750327297,Virrexo,The Swarm,Yellow Jackets,Veteran,58.84,40
RSC002892,138778232802508801,Nickm,The Garden,Peppers,Veteran,58.34,46
RSC003887,639539167524814858,Cundy,Pantheon,Quetzalcoatl,Veteran,58.29,64
RSC002937,564984452909105163,Sirtommynoble,The Garden,Peppers,Veteran,58.27,54
RSC000946,505023784294809621,Rebel,Whale Defense,Humpbacks,Veteran,58.15,28
RSC005820,182914196810235904,Zlata,,,Veteran,57.97,12
RSC003416,314127656897478656,Drskimmilk,Snack Syndicate,Marshmallow Mob,Veteran,57.09,59
RSC005236,411720746759356426,Sausage-Face,The Nexus,Cepheus,Veteran,56.90,54
RSC002293,156922871720050689,Corrupt_Arrow,Metal,Titanium,Veteran,56.79,56
RSC005824,229784354103099394,Bolts,,,Veteran,56.13,4
RSC000300,206564592132816897,2K,Eight Legged Freaks,Banana Spiders,Veteran,55.95,59
RSC003353,719457489518592050,Melon,Snack Syndicate,Marshmallow Mob,Veteran,55.75,48
RSC003746,192486161573347328,Archhie.,The Bear Den,Grizzly Bears,Veteran,55.43,39
RSC005363,713497266303926366,Truxjillo,The Elements,Water,Veteran,55.19,48
RSC004820,370323566769602561,Aos Arctic,Destined,Possessed,Veteran,54.92,61
RSC003816,230443394613248000,Anserem,,,Rival,30.10,10
RSC002513,308772413431218176,Supercruz101,Energy,Thermal,Veteran,54.51,49
RSC005615,344172959344099329,Xplop-_,Fifty-Fifty Pizzeria,Calzones,Veteran,54.32,53
RSC005419,744056536711561230,Tomacasche,The Bakery,Rollin Cannolis,Veteran,54.16,32
RSC003789,352600418062303244,Monty,Seas Despair,Valencias Wrath,Veteran,54.08,32
RSC004487,142464049035083776,Savant,The Swarm,Yellow Jackets,Veteran,54.02,45
RSC005482,983448760858341386,Rl_Spider,,,Veteran,53.56,4
RSC000093,139570215053819905,Beckols,The Abyss,Seadevils,Veteran,53.41,57
RSC003358,734917551636611133,Galacticcccc,The Cosmos,Supernova,Veteran,53.22,37
RSC001353,383430195950125056,Pre Dude,The Elements,Wind,Rival,41.54,21
RSC005654,653321391365423169,Mickfizle,The Nexus,Cepheus,Veteran,52.64,36
RSC005205,716907099946483744,A Legit Bunee,The Nexus,Cepheus,Veteran,52.50,59
RSC004595,729555609518604340,Draxz.,Whale Defense,Humpbacks,Veteran,52.15,50
RSC004569,191407194598670336,Mikee Gfuelcom,Whale Defense,Humpbacks,Veteran,51.80,61
RSC005374,428027177326477322,A Calm Panda,The Monster Mash,Banshees,Veteran,51.67,52
RSC000625,310324392343109633,Sly,The Sovereign,Gladiators,Veteran,51.02,50
RSC005336,772552220969271326,Gofigga,The Gods,Hades,Veteran,50.99,49
RSC005490,313492904544829440,Iprofessorex,Destined,Possessed,Veteran,50.48,44
RSC004107,753865937089855508,Flycasts,Italian Battalion,Linguini Lancers,Veteran,50.26,59
RSC005531,152166275865509888,Shim_Sham,The Forest,Werewolves,Veteran,49.86,62
RSC005730,402320958788206612,Clem5On3_,Energy,Thermal,Veteran,49.82,45
RSC005373,412836317932552195,Dvo-.-,Cheese Guild,Gouda Gangsters,Veteran,49.45,49
RSC005183,341821780123582465,Kagura Shinji,Italian Battalion,Linguini Lancers,Veteran,49.06,64
RSC005068,255518212022599691,Sturmo,The Sovereign,Gladiators,Veteran,49.06,50
RSC004413,717527459922444408,Mr. Nuke!,Metal,Titanium,Veteran,48.70,54
RSC004984,516042621379149825,Bry456,,,Veteran,48.45,18
RSC002792,206857784816435203,Duke Of Chutney,The Bear Den,Grizzly Bears,Veteran,48.23,33
RSC004198,267496935412203536,Cereal21,The Bakery,Rollin Cannolis,Veteran,47.78,58
RSC002706,300047658188406795,Zarthon,Shark Attack,Makos,Veteran,47.76,19
RSC004515,434638882735390733,Be Tolerant,Energy,Thermal,Veteran,47.11,37
RSC005726,427646016695566346,I Am Shep,The Elements,Water,Veteran,46.87,43
RSC002917,224354415945973762,Arbartenn,The Bear Den,Grizzly Bears,Veteran,46.82,60
RSC004394,219152343588012033,Chis,The Garden,Peppers,Veteran,46.66,36
RSC005751,125103478124052480,Barbie,,,Veteran,46.49,4
RSC002096,228650869506310155,Fjord,The Wavelengths,X-ray,Veteran,45.88,57
RSC003239,125161610326179840,Wallaby Gangsta,The Bear Den,Grizzly Bears,Veteran,45.76,64
RSC004471,233052235800641539,Whispr,The Gods,Hades,Veteran,44.83,32
RSC003987,419234190060421120,Dovahkiin,Cheese Guild,Gouda Gangsters,Veteran,44.60,38
RSC002544,396396052523122689,J.,Shark Attack,Makos,Veteran,43.79,63
RSC001998,263661834240786432,Kxle,The Serpents,Cobras,Veteran,43.74,56
RSC003036,706983263020777573,Hypnotoad.,,,Veteran,43.53,33
RSC003261,642492431673065495,Willymoesr,Fifty-Fifty Pizzeria,Calzones,Veteran,43.07,56
RSC000341,215969882943127564,Therogerseffect,The Monster Mash,Banshees,Veteran,43.02,59
RSC002571,547579686599786496,Google Girth,Cheese Guild,Gouda Gangsters,Veteran,42.88,38
RSC000970,520663053122011167,Rippluto,,,Veteran,42.04,22
RSC005522,966311613474938950,Diviniation,Electric Mayhem,Lightning,Veteran,40.57,59
RSC002320,84465097178615808,Joeexotic,Dungeons And Double Taps,Fighters,Veteran,40.55,45
RSC002267,357861201784340481,Dooqal,,,Veteran,40.45,7
RSC005308,1034138006317187113,Yeetn-Skeetn,The Wavelengths,X-ray,Veteran,40.40,51
RSC000710,341560469401632768,Tigertopaz,Snack Syndicate,Marshmallow Mob,Veteran,40.14,59
RSC005464,684489712588554399,Tazrm,The Serpents,Cobras,Veteran,39.98,56
RSC002133,174139167733710848,Lmao Beer Me,The Gods,Hades,Veteran,38.95,55
RSC001537,302079469882179585,Nully,The Jungle,Gorillas,Veteran,38.91,54
RSC001007,548386899648315422,Tdeez,The Cosmos,Supernova,Veteran,38.87,50
RSC005355,989275527443542026,Armando,Eight Legged Freaks,Banana Spiders,Veteran,38.24,31
RSC000073,133003223190470656,Nighthawk,Pantheon,Quetzalcoatl,Veteran,38.01,44
RSC003247,504469707655610379,Croptopolis,Italian Battalion,Linguini Lancers,Veteran,37.80,5
RSC000926,480858138648772618,Slmrnchr,Metal,Titanium,Veteran,37.43,31
RSC004109,438856203901075477,Hawkish,The Forest,Werewolves,Veteran,37.20,47
RSC000182,163826298018463744,Goose,Storm,Typhoons,Veteran,37.12,37
RSC003142,369982328035999744,Fish,The Cosmos,Supernova,Veteran,37.02,55
RSC000460,255902585595232256,Nano,Minty Fresh,Peppermint,Veteran,36.98,37
RSC000106,143181304643584000,Nagz,,,Veteran,36.68,2
RSC003303,110223758949646336,Bizzyrl,Electric Mayhem,Lightning,Veteran,35.56,34
RSC003904,264473431993483267,Tyyphoon454,Electric Mayhem,Lightning,Veteran,35.12,60
RSC000230,184411283137888256,Chronic Lies,The Jungle,Gorillas,Veteran,34.63,10
RSC000322,212079983282094081,Humble Potato,Destined,Possessed,Veteran,34.63,29
RSC004542,322933120422772736,Cdeathuwu,The Wavelengths,X-ray,Veteran,34.10,27
RSC002200,202507321660669952,Machu,Whale Defense,Humpbacks,Veteran,33.48,61
RSC001075,96666383022063616,Spoilt,The Cosmos,Supernova,Veteran,33.21,50
RSC004411,201506635959631873,Slightlyon,Snack Syndicate,Marshmallow Mob,Veteran,33.19,26
RSC000461,255909252491771904,Viper15,Seas Despair,Valencias Wrath,Veteran,32.50,54
RSC000945,500092285120282635,Domino,Puppy Paradise,Dobermans,Veteran,32.16,45
RSC000851,424430295408836618,Joez,Minty Fresh,Peppermint,Veteran,31.35,51
RSC002010,135234917599543296,Heca,The Abyss,Seadevils,Veteran,31.33,44
RSC002330,448081249836204032,Jestergg,Pantheon,Quetzalcoatl,Veteran,29.82,16
RSC004640,768301183676448788,Tharealdub,Metal,Titanium,Veteran,28.56,20
RSC000039,118442582031204354,Impalerv,Fifty-Fifty Pizzeria,Calzones,Veteran,27.34,35
RSC000320,211374889087664128,Ryanawesome_,The Wavelengths,X-ray,Veteran,27.23,54
RSC005358,203794462424432641,Soberclown,Fifty-Fifty Pizzeria,Calzones,Veteran,27.10,24
RSC000763,366949264166748174,Rogueum,Dungeons And Double Taps,Fighters,Veteran,25.14,25
RSC005245,246341893300944906,Rm4Ck,The Bakery,Rollin Cannolis,Veteran,24.74,39
RSC003694,258989020225208321,Thecroctopustv,Eight Legged Freaks,Banana Spiders,Veteran,23.57,28
RSC005534,214533658424508427,Mathews175,The Abyss,Seadevils,Veteran,23.53,30
RSC004925,534529725784129557,Riddle,Dungeons And Double Taps,Paladins,Rival,77.62,48
RSC001918,98232174456627200,Imperial,The Abyss,Seadevils,Veteran,23.38,37
RSC000190,166709200968351745,Lead,,,Veteran,21.51,4
RSC000848,422530937524453376,Wittinghalo64,The Swarm,Yellow Jackets,Veteran,20.50,15
RSC003250,169895623867236352,Shifty,The Forest,Werewolves,Veteran,20.05,30
RSC000196,168802369994358786,Hayhay,Storm,Typhoons,Veteran,19.34,47
RSC000722,345377635594928128,Yoder,The Serpents,Cobras,Veteran,18.85,39
RSC000140,151882545414275072,Kaeso Clarus,,,Veteran,18.17,12
RSC005587,163022087915569153,Kobitheking,The Monster Mash,Banshees,Veteran,17.71,29
RSC004441,272355817838084098,Slam!,Dungeons And Double Taps,,Veteran,15.12,11
RSC004332,467178392442109964,Friendbrady,Seas Despair,Valencias Wrath,Veteran,13.96,50
RSC004586,800413742101168178,Young Jay.,,,Veteran,10.91,3
RSC005761,334571146223681537,Bora Bora,,,Veteran,8.16,4
RSC005722,379422981098831872,Rhyme,Seas Despair,Valencias Wrath,Veteran,7.83,39
RSC000368,223299835996930050,Llama,,,Veteran,7.27,23
RSC005660,543696302358396928,Brain,The Serpents,Taipans,Rival,33.05,40
RSC000491,266000833676705792,Lazaryo,,,Veteran,-6.95,4
RSC000724,345944352218021888,Dunnie14,Puppy Paradise,Dalmatians,Rival,56.75,64
RSC005555,398561636442701831,Ivighost,,,Veteran,-15.97,4
RSC004037,542944893383737344,Humd1Gger,Metal,Iron,Prospect,67.21,24
RSC000513,272870321898651648,Prometiumz,,,Veteran,-36.47,1
RSC005712,212318930092556291,Vigil,The Jungle,Ocelots,Rival,30.57,29
RSC005209,699633239886659614,Carshawnlynchttv,Energy,Chemical,Challenger,22.16,31
RSC005231,320408672813580290,Ryan,Shark Attack,Makos,Veteran,78.70,63
RSC005664,850133437611376699,Aj,,,Rival,108.66,5
RSC005035,380013847802544130,Broskijazz,Cheese Guild,,Rival,104.07,26
RSC003272,327953497871876098,Jknop2,The Swarm,Warrior Wasps,Rival,89.56,62
RSC005544,165718450168266753,Lanceypantsalot,Italian Battalion,Mozza Marauders,Rival,88.28,43
RSC003201,699257043454001252,Ashura.-,Minty Fresh,,Rival,87.74,5
RSC005597,843035041378336820,Wilderiore,Energy,Kinetic,Rival,84.29,63
RSC000858,428907863365386240,Gorillacream707,The Sovereign,Vikings,Rival,82.70,59
RSC005048,237016844760907776,Heyzisthename11,Destined,Cursed,Rival,81.66,60
RSC004613,700038812214099993,Skriviere,The Forest,Leshy,Rival,80.10,56
RSC005734,287163546662469632,Bas Radala,Cheese Guild,Swiss Swindlers,Rival,78.72,20
RSC004925,534529725784129557,Riddle,Dungeons And Double Taps,Paladins,Rival,77.62,48
RSC004990,380877771913560065,Legend,The Swarm,Warrior Wasps,Rival,76.85,60
RSC005274,318605481578987521,King.,The Garden,Carrots,Rival,75.35,63
RSC000247,190593509244403722,Hexic,Whale Defense,Bowheads,Rival,74.05,62
RSC000158,158401640368570368,Gillz,The Swarm,Warrior Wasps,Rival,74.03,56
RSC002780,371036926234460183,Lickadoss77,The Elements,Wind,Rival,73.77,63
RSC002640,138683201685159936,Lastdark,The Wavelengths,Ultraviolet,Rival,71.53,64
RSC004324,761021720337055756,Notkyto,Minty Fresh,Polar Ice,Rival,70.84,32
RSC002186,121851103452200960,5Pike,Dungeons And Double Taps,Paladins,Rival,69.89,56
RSC005658,992830798313033730,Rayinator.,Electric Mayhem,Surge,Rival,68.87,33
RSC001321,236937612189761537,Hannandgrenade,The Cosmos,Polaris,Rival,68.51,28
RSC001891,225392020825440258,Polik,The Bakery,Snicker Doobles,Rival,68.48,60
RSC000828,405158796781158420,Mattviaairwaves,The Abyss,Fangtooths,Rival,66.78,62
RSC004051,187620536476631049,Spiicy,Shark Attack,Hammerheads,Rival,66.39,57
RSC004639,318598122865426434,Tydzl,Storm,Blizzards,Rival,65.71,60
RSC005682,455453418039934986,S_Ckz,The Forest,Leshy,Rival,64.80,40
RSC000091,138849427824705536,Bousquet,,,Rival,64.73,4
RSC003721,442317024392380417,Kyurmex08,Destined,Cursed,Rival,64.41,35
RSC004854,676638798263877672,Wicked Wilt,The Jungle,Ocelots,Rival,64.41,60
RSC004269,630427929041698856,Bodian,Puppy Paradise,Dalmatians,Rival,64.24,32
RSC000755,361326316366200833,Pre,The Bakery,Snicker Doobles,Rival,63.21,64
RSC005056,599653419229118484,Garrison,The Sovereign,Vikings,Rival,62.51,53
RSC005193,326199979125243905,Occasionalyjones,The Jungle,Ocelots,Rival,62.46,57
RSC005626,353376414315184133,Frostyboi,Shark Attack,Hammerheads,Rival,62.03,59
RSC003830,483113093421858836,Bradysc.,The Forest,Leshy,Rival,61.87,59
RSC000564,289571655360184320,Treedreams,The Jungle,Ocelots,Rival,61.30,30
RSC005210,205875612844425216,Baldmanstreamer,Destined,Cursed,Rival,60.33,46
RSC002217,646888979890831402,Debt,The Wavelengths,Ultraviolet,Rival,60.30,53
RSC004407,188181288140668929,Rootbear,Cheese Guild,Swiss Swindlers,Rival,60.18,52
RSC001358,298229151012225026,Cob,Seas Despair,Pale Tides,Rival,60.13,55
RSC005716,613508655064678402,Justifyye,The Monster Mash,Phantoms,Rival,59.71,52
RSC005577,540009474920939520,Ryan.,Fifty-Fifty Pizzeria,Hot Wings,Rival,59.46,60
RSC002228,135187366183698432,Funke,Whale Defense,Bowheads,Rival,58.73,58
RSC005326,367152132077387777,Mikesouth699,Fifty-Fifty Pizzeria,Hot Wings,Rival,58.03,64
RSC004045,779478833102716939,Aephis47,Italian Battalion,Mozza Marauders,Rival,57.86,48
RSC000724,345944352218021888,Dunnie14,Puppy Paradise,Dalmatians,Rival,56.75,64
RSC000796,391335766678306818,Hoyci,The Gods,Anubis,Rival,56.58,63
RSC004859,508807422119378954,Theonlycrow2929,The Gods,Anubis,Rival,56.08,30
RSC002215,222153421745160192,M0Nkeyball,,,Rival,55.87,21
RSC002960,277518367383093256,King,The Sovereign,Vikings,Rival,55.46,44
RSC002467,670388183229530115,Reccoonn,Destined,Cursed,Rival,55.36,53
RSC004735,373696266602938370,Tmr99,Eight Legged Freaks,Wolf Spiders,Rival,54.92,49
RSC002756,510298712384208906,Blue Ncs,Storm,Blizzards,Rival,54.65,63
RSC002480,262835945504505856,Blizzyy,Metal,Chromium,Rival,54.56,36
RSC004207,949064329825779753,Qx5Z,Electric Mayhem,Surge,Rival,54.35,49
RSC005444,470220011638882314,Kkuda-Somnia,The Monster Mash,Phantoms,Rival,53.46,28
RSC003094,600095421599186974,Galvarino,The Bear Den,Polar Bears,Rival,53.23,60
RSC001893,399597319009599488,Cjax,Pantheon,Horus,Rival,51.98,53
RSC005179,251887748124770314,Akoiruh,,,Rival,51.78,16
RSC005268,823316777768583178,Caustic_Snow420,Energy,Kinetic,Rival,51.36,60
RSC003815,445332565016969217,Donkmedaddy,The Bear Den,Polar Bears,Rival,51.29,55
RSC001724,403377937237409802,Sweetnlow120,Minty Fresh,Polar Ice,Rival,51.02,44
RSC002262,327954516978958337,Crypt1Cgames,The Wavelengths,Visible Light,Challenger,60.70,49
RSC000026,114938541892567048,Golden,Fifty-Fifty Pizzeria,Hot Wings,Rival,50.85,64
RSC005267,559185697353760798,Jj.Dunbar,Minty Fresh,Polar Ice,Rival,50.44,52
RSC003104,221843027470188544,Nizzlepls,Seas Despair,Pale Tides,Rival,49.92,59
RSC000499,269295728331849729,Johkev,Seas Despair,Pale Tides,Rival,49.87,56
RSC001074,93178790674456576,Sabre,The Serpents,Taipans,Rival,49.85,63
RSC000178,163357581127974912,Scias,Pantheon,Horus,Rival,49.62,50
RSC002747,297776824593940482,Derrrrrrrrp,Storm,Blizzards,Rival,48.38,62
RSC001868,624088670042849292,Thunda Esq,The Wavelengths,Ultraviolet,Rival,45.67,52
RSC004283,246805989561466881,Tragic Event,Italian Battalion,Mozza Marauders,Rival,45.62,49
RSC005213,741322913679933480,Hcalno_250,The Wavelengths,Ultraviolet,Rival,45.62,12
RSC005460,402531432188215296,Slycooperd3Mis3,Energy,Kinetic,Rival,45.51,63
RSC003897,406542462249730048,Halfiehour,Eight Legged Freaks,,Rival,45.12,27
RSC003320,616994437511380994,Jojomojo13,Metal,Chromium,Rival,45.03,52
RSC000685,332534017394212864,Daturquoisorang,The Bakery,Snicker Doobles,Rival,45.00,53
RSC002609,228994891554881536,Lshewasntreadyl,Whale Defense,Bowheads,Rival,44.84,60
RSC004917,242112829761519617,Nahzey,The Gods,Anubis,Rival,44.43,64
RSC003186,213747766420045825,Blaniac,The Cosmos,Polaris,Rival,44.34,51
RSC004148,164175745072103424,Thenoobishlord,The Bakery,Snicker Doobles,Rival,44.12,35
RSC005727,219614997326725130,Tasty,The Abyss,Fangtooths,Rival,44.10,36
RSC005703,529046986897489921,Shoddywolfman,The Gods,Anubis,Rival,43.75,52
RSC004452,494305940758200321,Sleepzey,Eight Legged Freaks,Wolf Spiders,Rival,43.05,31
RSC004663,855131279174139936,Rizzosadoptedkid,Metal,,Rival,43.00,13
RSC005319,204118567564738560,Vega,Shark Attack,Hammerheads,Rival,42.62,56
RSC001353,383430195950125056,Pre Dude,The Elements,Wind,Rival,41.54,21
RSC002252,245540721497473024,Djras1996,The Serpents,Taipans,Rival,40.89,51
RSC004200,664078731408572436,Cloutii,Eight Legged Freaks,Wolf Spiders,Rival,40.58,33
RSC005502,601264992213401640,Souleater -_-,Cheese Guild,Swiss Swindlers,Rival,40.56,31
RSC004442,217042975312707584,Hav0C,The Forest,Leshy,Rival,39.69,33
RSC000291,202771086268563456,Suckiest Sucker,The Garden,Carrots,Rival,39.50,51
RSC004627,269906670472134657,Dizzle,,,Rival,39.49,23
RSC005741,398354356014940171,Ashura Sato,The Bakery,,Rival,39.04,4
RSC005805,790694126457716777,Prtyshrkphil,,,Rival,38.21,4
RSC002511,283731401667379201,Moist_Games,The Abyss,Fangtooths,Rival,38.13,57
RSC004856,748260568049254571,Redfire0817,Snack Syndicate,Raisin Racket,Rival,37.36,56
RSC004065,479083878179536915,Coop,The Bear Den,Polar Bears,Rival,37.04,24
RSC000817,402888438879223809,The Instigant,Minty Fresh,Polar Ice,Rival,36.88,59
RSC000136,149665864168243200,Blun,Whale Defense,Bowheads,Rival,35.99,12
RSC004330,395980037775556618,Koala!,The Bear Den,Polar Bears,Rival,35.96,24
RSC005412,184523781094506496,Beastky,,,Rival,35.90,11
RSC002662,448641418437722112,Xlmlt,Dungeons And Double Taps,Paladins,Rival,35.85,40
RSC000775,375380308825997314,Lucky Ducky,,,Rival,35.81,4
RSC005692,304395948342378498,Hisen,Italian Battalion,Mozza Marauders,Rival,35.59,40
RSC004857,363844232483438592,Ttv_Nova_Ghostfy,The Nexus,Scorpius,Rival,35.54,34
RSC003411,451440851193954337,Levibullrush,The Wavelengths,,Rival,35.22,9
RSC000663,324666990654652426,Thedrprofessornoah,The Abyss,Fangtooths,Rival,35.12,37
RSC003424,743252528807804978,Fryder,The Elements,Wind,Rival,34.54,53
RSC002128,235212514252554241,Velocifaptor,Dungeons And Double Taps,Paladins,Rival,33.81,26
RSC000426,241817442244886528,Struttrl,Cheese Guild,Swiss Swindlers,Rival,33.77,61
RSC005814,678661199855878157,Mp Picklehead,,,Rival,33.70,12
RSC000813,401448178949423105,Ziggy.,The Nexus,Scorpius,Rival,33.65,39
RSC001002,547419698858426379,Zar235,Seas Despair,Pale Tides,Rival,33.27,15
RSC005660,543696302358396928,Brain,The Serpents,Taipans,Rival,33.05,40
RSC005507,696241853111992400,T Sant,Snack Syndicate,Raisin Racket,Rival,32.84,53
RSC000784,382304402423283722,Astro,Puppy Paradise,Dalmatians,Rival,31.41,57
RSC004005,688253288000258058,Stormz,Metal,Chromium,Rival,30.79,34
RSC005712,212318930092556291,Vigil,The Jungle,Ocelots,Rival,30.57,29
RSC000719,343652364806520833,Ttv Shadowasders,The Garden,Carrots,Rival,30.31,36
RSC003816,230443394613248000,Anserem,,,Rival,30.10,10
RSC004546,291653543239221248,Schwiftyjv,The Cosmos,Polaris,Rival,29.88,52
RSC005518,213678764876365824,Jimmythe4,Snack Syndicate,Raisin Racket,Rival,29.74,40
RSC002100,172876402041946112,Pant,Electric Mayhem,Surge,Rival,29.18,7
RSC004211,580903138408792064,Lynchmeister,The Garden,Carrots,Rival,28.88,29
RSC004427,535723106606776320,Rayneerl,The Nexus,Scorpius,Rival,28.77,48
RSC005402,377106495147606017,Frothty,The Cosmos,Polaris,Rival,27.62,31
RSC003387,173974453745614857,Redline,The Swarm,Warrior Wasps,Rival,26.86,14
RSC004070,524708325405884426,Dr. Babies,,,Rival,26.13,24
RSC005523,271443674834010133,Laguna,The Serpents,Taipans,Rival,25.16,38
RSC005380,827528836408803358,Jshmn2008,,,Rival,23.08,11
RSC005293,338747797014577153,Stallee,Electric Mayhem,Surge,Rival,22.74,48
RSC000417,238313522184847360,Twoslot,Shark Attack,Hammerheads,Rival,22.63,8
RSC002386,308086057965060096,Gidderrrs,Eight Legged Freaks,Wolf Spiders,Rival,21.81,41
RSC005115,168171867293745153,Omegablaze33,Snack Syndicate,Raisin Racket,Rival,20.74,19
RSC005404,333430341366972417,Pooka2854,The Monster Mash,Phantoms,Rival,19.86,56
RSC000357,220599350357655552,Primed,The Monster Mash,Phantoms,Rival,19.81,29
RSC002836,283416897289060372,Parkkid,The Elements,Wind,Rival,19.74,51
RSC003118,164809841280286721,Mysty,Metal,Chromium,Rival,19.53,38
RSC000053,124315147442323460,Its_Lost,,,Rival,18.62,5
RSC000967,519235778513993740,Tr1Ppn,Pantheon,Horus,Rival,18.08,53
RSC000726,346784091406073856,Way2Luckee,The Sovereign,Vikings,Rival,17.76,36
RSC003908,297470300734488577,Veoloux,,,Rival,15.85,10
RSC005611,353918245004247040,Bigchebbz,Puppy Paradise,Dalmatians,Rival,15.01,28
RSC000979,529127888654565406,Mauidestroya,Storm,Blizzards,Rival,14.66,3
RSC005529,100825053620371456,Zoomjah,Pantheon,Horus,Rival,12.85,22
RSC003720,782714840686919691,Arisedaft,,,Rival,8.79,13
RSC002980,140253562390183936,Koach,,,Rival,8.05,3
RSC003276,651381956482826252,Consciousprophit,,,Rival,4.51,8
RSC003848,286962544315334666,Theairgerbil,,,Rival,4.13,7
RSC002427,199418464262291457,Freestyle,,,Rival,3.75,30
RSC004930,590628133456314385,Jebmond,,,Rival,2.71,12
RSC003929,484467841634926593,Whoviancat,The Nexus,Scorpius,Rival,1.90,38
RSC005505,607045390595784704,The_Wheelman_95,Energy,Kinetic,Challenger,19.19,12
RSC005504,624438385083416597,Zloczz-,Destined,Undead,Prospect,107.67,47
RSC005635,535793882504495134,X__Top_Level__X,The Bakery,Cherried Crepes,Prospect,85.46,59
RSC005696,306511710574084096,Visilgris,The Cosmos,Dark Matter,Prospect,75.56,49
RSC002949,539941327337422858,Razzr Elite,Energy,Sonic,Prospect,73.15,48
RSC001035,562670034955272213,Charlieharley_1,Electric Mayhem,Static,Contender,13.68,13
RSC005487,741935435873386496,X_Marshallaw_X,The Wavelengths,Infrared,Prospect,72.80,56
RSC005117,347132913067884546,Ngu_Ic3,The Garden,Green Beans,Prospect,71.68,58
RSC003109,368192614354255873,Kflip11,Metal,Iron,Prospect,70.63,55
RSC005283,811635701048148009,Thisisdrew314,Destined,Undead,Prospect,69.75,43
RSC002733,281627113134620672,Thog,Electric Mayhem,Sparks,Prospect,67.84,39
RSC004037,542944893383737344,Humd1Gger,Metal,Iron,Prospect,67.21,24
RSC005701,301522688638320641,Ttv/Wowsneakyastro,Minty Fresh,Spearmint,Prospect,64.25,52
RSC005362,172121744713318400,Anarcrist,The Garden,Green Beans,Prospect,63.08,42
RSC004099,794358576726016001,Benpie24,Pantheon,Shiva,Prospect,62.90,48
RSC004540,750812980249100438,Bucknekkid15,Energy,Sonic,Prospect,62.31,58
RSC004177,390248032865878026,Abeillonnaise,Pantheon,Shiva,Prospect,60.14,59
RSC002021,344972635509227540,Perk_At_Play,Electric Mayhem,Sparks,Prospect,59.39,47
RSC004272,471463930854768660,I Grades I,Metal,Iron,Prospect,57.78,47
RSC005612,420972390214795265,Rk Viking,Pantheon,Shiva,Prospect,56.48,13
RSC004922,669451325720756254,Suxze,Cheese Guild,Muenster Misfits,Prospect,55.65,52
RSC000464,256571729357307914,Ailurobear,Eight Legged Freaks,Funnel-Webs,Prospect,54.58,51
RSC004064,965585146755571742,Tokifyy,Minty Fresh,Spearmint,Prospect,54.01,36
RSC001999,517873079729389574,Cs O Gunkiller,Electric Mayhem,Sparks,Prospect,53.69,30
RSC002108,181109212078669824,Decebalus,Eight Legged Freaks,Funnel-Webs,Prospect,53.11,39
RSC003266,467740989482860547,Gameymcgamertag,Minty Fresh,Spearmint,Prospect,52.82,50
RSC004885,341365184021004290,Slowlow24,Fifty-Fifty Pizzeria,Pepperoni Pizza,Prospect,52.72,40
RSC004953,149681046319923201,Kush_The_Ninja,Fifty-Fifty Pizzeria,Pepperoni Pizza,Prospect,51.95,43
RSC005291,254608261964234753,Beanie_92,The Bakery,Cherried Crepes,Prospect,51.70,46
RSC004456,113066707773329408,Shazampoof,The Elements,Earth,Prospect,50.69,52
RSC002413,665610851230810124,Dafiya711,Electric Mayhem,Sparks,Prospect,50.29,52
RSC003374,282661216990658561,Raisonbran,Fifty-Fifty Pizzeria,Pepperoni Pizza,Prospect,50.06,45
RSC001959,356767966806802432,Grumpusdad,Destined,Undead,Prospect,49.89,43
RSC005699,470757668697669642,Mashapotatoes,The Elements,Earth,Prospect,49.42,37
RSC005509,523279448351703069,Twix. .,The Wavelengths,Infrared,Prospect,49.25,58
RSC005648,239901765976326144,Chad Thunderchrist,The Bakery,Cherried Crepes,Prospect,49.25,44
RSC005650,662806196075495455,Jaydonian_Hehe,The Garden,Green Beans,Prospect,48.98,23
RSC004184,63819400389595136,Drivingwebster,Destined,Undead,Prospect,47.72,47
RSC004282,786988993395949608,Fudansynder,The Sovereign,Spartans,Prospect,47.50,18
RSC005306,1000174208552271883,Mrsupersanic,Energy,Sonic,Prospect,47.32,21
RSC003432,322897317512478726,Redwinglegendayg,The Wavelengths,Infrared,Prospect,47.28,21
RSC004879,608041767400636456,Defnotmongo.,The Cosmos,Dark Matter,Prospect,46.80,7
RSC000048,122769031295008768,Pablo V2,,,Prospect,46.75,9
RSC003101,196505476295294976,Sirzohan1002,Cheese Guild,Muenster Misfits,Prospect,45.23,39
RSC000162,159060523990777856,Draconium,The Cosmos,Dark Matter,Prospect,44.10,58
RSC002636,144932969394601994,Nitemarerl,Dungeons And Double Taps,Peons,Prospect,44.09,52
RSC004303,568256757932228609,Shogun,The Elements,Earth,Prospect,43.62,46
RSC005169,260626594102640640,Nightraptor04,The Nexus,Arcturus,Prospect,42.71,28
RSC005287,592025951857147904,Zonaeko.,Cheese Guild,Muenster Misfits,Prospect,42.59,41
RSC004106,458748410733002763,K.Doughboy,Electric Mayhem,Static,Contender,46.74,47
RSC005411,905632312186773504,Pineapple448,Minty Fresh,Spearmint,Prospect,40.18,29
RSC005323,621325708181897217,Therumkage,,,Prospect,40.03,23
RSC004399,832102393864912927,Zippythegnome,Dungeons And Double Taps,Peons,Prospect,38.40,17
RSC005609,341352947256393738,Krushandbash,Metal,Iron,Prospect,38.14,43
RSC002218,550890535104282628,Deejay,The Garden,Green Beans,Prospect,38.14,57
RSC005073,182190966420013057,Outlaw K3,Eight Legged Freaks,Funnel-Webs,Prospect,38.01,55
RSC005619,556524637618569217,A Jaymes,The Cosmos,Dark Matter,Prospect,37.96,53
RSC004901,398644610357788672,Dofri9976,Cheese Guild,Muenster Misfits,Prospect,37.65,44
RSC005252,221770761600237568,Mysticmax07,The Gods,Kali,Prospect,37.24,28
RSC004593,236360321785266178,Boulder,Energy,Sonic,Prospect,36.45,53
RSC005694,755236158262476870,Afoxypancake,The Gods,Kali,Prospect,35.06,41
RSC005403,292743184977625089,Mr Luyee,Eight Legged Freaks,Funnel-Webs,Prospect,34.67,19
RSC003153,637638856094777344,Themuffinman,The Bakery,Cherried Crepes,Prospect,34.55,30
RSC005613,717869109248917545,Wile_E_Quixote,The Elements,Earth,Prospect,34.22,39
RSC003851,691681532192096310,Domtut14,The Gods,Kali,Prospect,29.28,39
RSC005352,692523513227116695,Trillapando,The Wavelengths,Infrared,Prospect,27.94,45
RSC004465,569569342501683210,Scooter-Jacobs,Dungeons And Double Taps,Peons,Prospect,27.13,40
RSC002796,698260685896810596,Carno,The Gods,Kali,Prospect,26.09,35
RSC004587,459712674406858752,Doomhunter,,,Prospect,24.77,2
RSC005356,238984774713212928,Supershooter777,,,Prospect,24.43,6
RSC005747,655435501313982475,Txaggie,,,Prospect,23.78,6
RSC005313,347918193773510666,Groovykat,,,Prospect,23.40,10
RSC005422,401904204505153536,Buckring,Pantheon,Shiva,Prospect,21.82,46
RSC000429,242913643233017856,Ty,,,Prospect,21.67,38
RSC005608,308295592033910784,Wolverine36535,Dungeons And Double Taps,Peons,Prospect,19.36,11
RSC004758,90000134712090624,Array,Fifty-Fifty Pizzeria,Pepperoni Pizza,Prospect,19.32,45
RSC004386,428883869098442753,Fzgshadow24,The Cosmos,,Prospect,18.38,7
RSC004603,463217791386779668,Deweese3018,,,Prospect,16.89,8
RSC005721,180131769696256000,Sentinel,,,Contender,11.63,13
RSC005418,897034749045002270,Dvn8657,,,Prospect,-5.40,18
RSC003064,245187158833364992,Taka.,The Serpents,Vipers,Elite,69.58,43
RSC001855,289945888422625280,Peaceful.,Italian Battalion,Fettuccine Force,Premier,99.29,47
RSC005047,521151894375104513,Denzy,,,Premier,86.99,4
RSC000329,213827738254049281,Melted,,,Premier,84.03,4
RSC005757,288520569131892746,Sjt-.,The Serpents,Pythons,Premier,82.30,8
RSC001468,282958860518424577,Marshall (New Elbow Pads),Shark Attack,Megalodons,Premier,77.95,56
RSC005670,399819208478949376,Messiboi4,The Bear Den,Gummy Bears,Premier,75.13,32
RSC005076,383698159609708545,Erikkszz,Snack Syndicate,Cookie Capos,Premier,72.14,54
RSC004560,236485142728671232,Evil,,,Premier,69.74,4
RSC005417,855887178429366293,Anti ^_^,The Bear Den,Gummy Bears,Premier,66.86,56
RSC000978,527313066103275541,Leaf,Storm,Hurricanes,Premier,66.16,8
RSC000128,148155247934570496,Tylurr,The Serpents,Pythons,Premier,65.85,44
RSC000336,214902175216697354,Bismarck,Storm,Hurricanes,Premier,63.59,16
RSC002939,249317186609479691,Astonic,,,Premier,62.98,16
RSC002167,283018770644074497,Tokyo.,The Abyss,Blobfish,Premier,62.58,43
RSC005052,164210425045581825,Yinliner,The Monster Mash,Reapers,Premier,60.75,56
RSC002037,258789760787677184,Alfredo,Italian Battalion,Fettuccine Force,Premier,60.26,55
RSC003308,159757560554061824,Tman,Whale Defense,Orcas,Premier,59.92,49
RSC005668,283397197272449025,.Xero,,,Premier,59.85,36
RSC004149,647196779887984661,Insanity,The Monster Mash,Reapers,Premier,56.91,56
RSC000931,484455858210865162,Danger,The Jungle,Capybaras,Premier,56.59,52
RSC005108,204037378124414976,Ethone,Whale Defense,Orcas,Premier,56.07,12
RSC000531,509121649514381323,Ceejay,Seas Despair,Annes Revenge,Premier,54.93,23
RSC004254,384495014971047938,Lefty,Whale Defense,Orcas,Premier,53.85,38
RSC001977,364994896144367616,T.,Whale Defense,Orcas,Premier,53.25,33
RSC004459,466655369863888906,Phoenixu.U,The Monster Mash,Reapers,Premier,52.24,56
RSC000402,232569808997187585,Reag,Seas Despair,Annes Revenge,Premier,52.12,35
RSC002439,260254891958599681,Angebro,Seas Despair,Annes Revenge,Premier,51.52,50
RSC000381,225746281220407296,Noriko,The Jungle,Capybaras,Premier,51.04,42
RSC003780,406849602520612868,Fusionbleach,Snack Syndicate,Cookie Capos,Premier,50.55,51
RSC002391,342036714438787075,Aes.,Storm,Hurricanes,Premier,50.05,44
RSC002542,947374990540566598,Wiickkeddd,The Abyss,Blobfish,Premier,49.79,38
RSC001935,451689030900252673,Kenobs,Seas Despair,Annes Revenge,Premier,47.44,43
RSC005349,460531385849872384,Rzemb1E,Storm,Hurricanes,Premier,46.23,8
RSC004878,242103529240526848,Mcribsky,,,Premier,45.35,4
RSC000436,249062458608713728,Distant,The Jungle,Capybaras,Premier,45.02,52
RSC001894,385489751278354443,Rinoneal,,,Premier,44.89,22
RSC001927,294458953780297728,Ghxst,Snack Syndicate,Cookie Capos,Premier,42.86,33
RSC005435,125093254483017728,Pain.,Shark Attack,Megalodons,Premier,41.76,35
RSC003892,96121063485755392,Treezy,The Serpents,Pythons,Master,43.20,36
RSC004698,289523485078847488,Slvr.,The Swarm,Drones,Premier,38.62,26
RSC004676,386314031411101699,Deesh,The Serpents,Pythons,Premier,38.59,36
RSC004228,577252951358308364,Lyrics :[,,,Premier,37.41,28
RSC000824,404039440747462657,Cart,Italian Battalion,Fettuccine Force,Premier,37.16,32
RSC002759,295309239663198238,Chan-,The Abyss,Blobfish,Premier,34.41,50
RSC005109,165656556568838144,Delta,Italian Battalion,Fettuccine Force,Premier,33.92,34
RSC000689,334774383463890954,Tuna,The Swarm,Drones,Premier,33.79,37
RSC000934,486943300230709269,Shanerbaner,Shark Attack,Megalodons,Premier,33.40,21
RSC002050,193433199357984768,Dmt Goobz,,,Premier,32.43,12
RSC003019,504119128588681218,Itz.Flashy,,,Premier,32.22,26
RSC001114,158731027706019840,Ashes,The Swarm,Drones,Premier,31.97,41
RSC005206,327251432296284167,Maples,Snack Syndicate,Cookie Capos,Premier,31.93,4
RSC000996,543647195795161105,Greensleeves,The Bear Den,Gummy Bears,Premier,31.69,50
RSC004575,467467253877571596,Diamond ^.^,,,Premier,30.79,20
RSC004905,656567285196128257,Knuckle,The Bear Den,Gummy Bears,Premier,28.78,14
RSC005468,200075531646009344,Xo <3,The Jungle,Capybaras,Premier,28.78,6
RSC003433,580603362232238090,Ellectrozx,,,Premier,27.78,6
RSC002630,445302460538683393,Seasick.,Shark Attack,Megalodons,Premier,26.85,56
RSC000330,213862199624466435,Infinite,The Swarm,Drones,Premier,20.47,43
RSC002030,171810252176490496,Stumpi,,,Premier,20.30,4
RSC005340,311341401931644928,Mystikal Rl,,,Premier,18.71,1
RSC003178,111649646287273984,Snack Time!,Snack Syndicate,Sugar Soldiers,Elite,59.81,56
RSC004909,745466573489438781,Dsife,Snack Syndicate,,Premier,11.12,4
RSC004914,174248861693509634,Hams,The Monster Mash,Spectres,Master,89.25,43
RSC003882,660991739473035264,Alex,,,Premier,4.12,5
RSC001055,60020551577509888,Scotti,The Abyss,Blobfish,Master,5.38,24
RSC004544,254738972335538178,Uf2,Whale Defense,Finbacks,Elite,40.50,53
RSC005715,331123790509506561,Vixen,,,Premier,-2.54,8
RSC002862,261672743999766548,Doodle!,The Serpents,Mambas,Master,15.72,5
RSC004914,174248861693509634,Hams,The Monster Mash,Spectres,Master,89.25,43
RSC000373,224408443723841546,Lunaoso,,,Master,82.04,4
RSC004050,316766771962970114,Typhon,The Bakery,Packed Eclairs,Master,81.66,47
RSC004580,508419543526408192,Static,Seas Despair,Oathbreakers,Master,78.71,56
RSC002714,465666666647257099,.Andy,Shark Attack,Helicoprions,Master,71.94,56
RSC002062,366031918644461568,The Condra Triangle,The Bear Den,Care Bears,Master,71.01,56
RSC003749,305544856921702400,Rule,The Abyss,Chimaeras,Master,70.63,58
RSC003271,214588421040111619,Bax,Electric Mayhem,Blackout,Master,70.23,45
RSC002455,483411965071458324,Blocky,The Jungle,Lemurs,Master,67.18,29
RSC002888,126538594172141568,Kri0S,The Abyss,Chimaeras,Master,63.91,54
RSC003804,547948458363846656,Ayylo,Shark Attack,Helicoprions,Master,63.85,52
RSC004982,246912629765832706,Loyboy2,The Swarm,Mosquitoes,Master,63.34,35
RSC005204,366000811979046914,Robtull1,The Nexus,Orion,Master,63.27,57
RSC000750,359175649572814878,Jatt,Storm,Tempests,Master,63.12,60
RSC004214,262364451196370944,Miserable,,,Master,60.53,2
RSC003792,306929135090139136,Calc,,,Master,60.31,25
RSC005049,360995555255517185,.Maddy,Snack Syndicate,Bagel Bagmen,Master,59.74,54
RSC002125,231174931696713728,Neoblastz,Electric Mayhem,Blackout,Master,59.51,60
RSC000408,236221039795765249,Xero,The Swarm,Mosquitoes,Master,59.33,48
RSC002959,265588051177111563,Jacks0Ntheboss,Seas Despair,Oathbreakers,Master,59.24,46
RSC000577,293946065189863435,Lord Ironskull,The Bakery,Packed Eclairs,Master,57.89,58
RSC003831,196076295761690624,Akina,The Swarm,Mosquitoes,Master,57.32,39
RSC003334,369191068945612811,Hawk Rl,Whale Defense,Blues,Master,57.28,42
RSC000697,336146049053753346,Dolphino,Electric Mayhem,Blackout,Master,56.17,60
RSC002793,125690785634058240,Kev1N,Italian Battalion,Lasagna Legion,Master,55.90,26
RSC005398,493027913029910533,Lubbysmells,Storm,Tempests,Master,55.14,20
RSC003728,489870485983592449,Yillow,Italian Battalion,Lasagna Legion,Master,54.60,60
RSC005051,222505046246424576,Supr3Me,The Bakery,Packed Eclairs,Master,54.55,54
RSC005220,578774248651489291,Swax,The Monster Mash,Spectres,Master,53.85,41
RSC001674,231975296239140864,Skrooms,The Bear Den,Care Bears,Master,53.52,48
RSC003323,643150967164108820,Boog Mccroog,The Nexus,Orion,Master,53.46,40
RSC002620,302666146467938304,Insta!,The Nexus,Orion,Master,52.62,52
RSC005234,650262431758549013,Hirsch,The Monster Mash,Spectres,Master,51.53,49
RSC005481,533873731710353429,Leoniis.,Snack Syndicate,Bagel Bagmen,Master,51.33,56
RSC004138,640034905438420992,Ghosty,Minty Fresh,Glacier Mint,Master,50.95,45
RSC000657,322529012553351170,Saucey,Minty Fresh,Glacier Mint,Master,49.87,43
RSC000623,309749122024341505,Wall2Wall3,The Abyss,Chimaeras,Master,49.08,38
RSC002313,293062559618039808,Galico,The Abyss,Chimaeras,Master,48.50,30
RSC000787,383465567849414656,Bucklemyshoe,Seas Despair,Oathbreakers,Master,47.15,46
RSC000241,188814220836470784,Geherpaderp,Whale Defense,Blues,Master,47.07,53
RSC003412,283450622798200843,Python,The Serpents,Mambas,Master,45.96,47
RSC002490,415218977661517825,Bex!,Italian Battalion,Lasagna Legion,Master,45.78,60
RSC001889,436995778020507658,Phelpsy,The Swarm,Mosquitoes,Master,44.75,44
RSC005037,337504466301353994,.Slop.,Minty Fresh,Glacier Mint,Master,44.04,8
RSC003892,96121063485755392,Treezy,The Serpents,Pythons,Master,43.20,36
RSC000595,299361855300960267,E=Mc_Hammer,Seas Despair,Oathbreakers,Master,42.16,22
RSC000232,184892822913024000,Unexpected,The Jungle,Lemurs,Master,41.34,50
RSC005499,280185730641428480,R0Cket,Minty Fresh,Glacier Mint,Master,40.54,52
RSC000923,478420385994637323,Stemantics,The Jungle,Lemurs,Master,36.93,30
RSC005643,461284630306226197,Notsodapperdlane,Whale Defense,Blues,Master,35.72,8
RSC000193,168584247140024320,Shamurl,Storm,Tempests,Master,35.39,52
RSC004089,456907036563603467,Decay 333,,,Master,35.16,15
RSC005371,193805005894057993,Bigrick6,Snack Syndicate,Bagel Bagmen,Master,34.10,28
RSC000119,256634943659048960,Nue.,The Bakery,Packed Eclairs,Master,33.38,11
RSC003008,376750531986718728,Generalzippy,The Bear Den,Care Bears,Master,32.45,38
RSC005187,280212074184048642,Christophr,,,Master,31.86,20
RSC000265,195410562795044864,Croph,The Monster Mash,Spectres,Master,31.18,32
RSC004966,245383341442990080,Buck,Whale Defense,Blues,Master,31.18,51
RSC005601,239126606302412801,Reso,,,Master,30.61,4
RSC004730,184456276065910784,Sgtpickle,Snack Syndicate,Bagel Bagmen,Master,30.23,30
RSC005693,304155162304315392,Goldencourt9,Electric Mayhem,Blackout,Master,29.99,51
RSC002332,139871347202326529,Wespyyy,Shark Attack,Helicoprions,Master,29.89,58
RSC005824,229784354103099394,Bolts,,,Veteran,56.13,4
RSC005454,692178332967632968,Tman _,,,Master,26.64,41
RSC002105,224597214574542848,Flexy,Whale Defense,Finbacks,Elite,36.36,31
RSC002500,276149296615784448,Kalten,The Serpents,Mambas,Master,25.69,48
RSC005216,331260017758044162,.Bzy,Italian Battalion,Lasagna Legion,Master,23.99,6
RSC002148,246760994393686017,Sir Mcdouble,,,Elite,57.00,26
RSC000363,221667027348226048,Relax,The Bear Den,,Master,20.71,8
RSC005366,200297081590644736,Fluf.,,,Master,20.46,5
RSC004212,335528312074010625,Glitchfire,The Serpents,Mambas,Master,16.28,4
RSC002862,261672743999766548,Doodle!,The Serpents,Mambas,Master,15.72,5
RSC005030,213673920891584513,Prollyjoe,The Jungle,Lemurs,Elite,36.26,23
RSC002030,171810252176490496,Stumpi,,,Premier,20.30,4
RSC001903,345973056377847809,Plasma,,,Master,12.11,4
RSC002473,119646946192392192,Zdawg2020Dec,Storm,Tempests,Elite,119.39,18
RSC001055,60020551577509888,Scotti,The Abyss,Blobfish,Master,5.38,24
RSC000220,179506264760385536,Box!,The Bear Den,Care Bears,Master,3.68,8
RSC003546,145558331774205953,Leveled,,,Master,1.06,14
RSC001211,142802331753381888,Cool,,,Master,-4.46,15
RSC001019,558131947050762241,Surge,Metal,Vibranium,Elite,41.20,47
RSC002178,276888283311636481,Bird,The Nexus,Orion,Elite,-21.37,4
RSC001502,222405543375929344,Mranderson,,,Master,-30.52,4
RSC000082,137378950895632384,Memlo,Shark Attack,Helicoprions,Master,-33.02,4
RSC002473,119646946192392192,Zdawg2020Dec,Storm,Tempests,Elite,119.39,18
RSC002330,448081249836204032,Jestergg,Pantheon,Quetzalcoatl,Veteran,29.82,16
RSC002890,290169634739716097,Myth1Ck,,,Elite,95.30,8
RSC002425,890765997064208446,Kourses,,,Elite,93.37,11
RSC000009,105033802312626176,Timbo,Dungeons And Double Taps,Warlocks,Elite,92.99,63
RSC003694,258989020225208321,Thecroctopustv,Eight Legged Freaks,Banana Spiders,Veteran,23.57,28
RSC005667,804572601800196107,Nautikl,The Sovereign,Knights,Elite,89.01,60
RSC003352,256613401097273344,Ses,#N/A,#N/A,Elite,85.87,4
RSC004403,821087438852063313,Akabryan,,,Elite,83.92,8
RSC002295,195683917221593088,Rblegend,The Nexus,Aquarius,Elite,83.40,51
RSC000098,140697739859066880,Treko50,Shark Attack,Great Whites,Elite,80.82,60
RSC003110,189962146438709248,Rev,Italian Battalion,Ravioli Rangers,Elite,79.98,52
RSC000774,374553815505960970,Earth,Electric Mayhem,Thunder,Elite,76.85,64
RSC005201,127937391687237632,Stonewall,Pantheon,Amaterasu,Elite,76.40,61
RSC001790,234914505321218048,Viglio,Electric Mayhem,Thunder,Elite,76.18,60
RSC005740,535575645594583043,Jamez. Vibin,Metal,Vibranium,Elite,75.12,13
RSC005695,560284991502942208,Kai,The Nexus,Aquarius,Elite,73.39,57
RSC005301,226558249204187136,Nehtaro,Seas Despair,Dark Mary,Elite,72.81,64
RSC003321,235307992696881152,Mew_Jr,Minty Fresh,Menthol,Elite,72.13,23
RSC005705,671836273933025291,Rapidz Af,Shark Attack,Great Whites,Elite,71.40,48
RSC003064,245187158833364992,Taka.,The Serpents,Vipers,Elite,69.58,43
RSC002476,452655280325394433,Argnor,Shark Attack,Great Whites,Elite,68.24,60
RSC003784,185175341202014208,Rollsroyceowner,Storm,Cyclones,Elite,68.10,30
RSC000314,209420410414956545,Yoza,Seas Despair,Dark Mary,Elite,67.89,63
RSC005578,282965916743106560,Rydexian,Cheese Guild,Brie Bandits,Elite,67.54,64
RSC000690,334881575588069376,Paco,The Gods,,Elite,67.02,5
RSC005321,212451352088018945,Detox,The Nexus,Aquarius,Elite,66.57,58
RSC005225,163041182866210817,Stellarblitz,Eight Legged Freaks,Widows,Elite,66.18,44
RSC005320,510204989730324491,Mgbands,Italian Battalion,Ravioli Rangers,Elite,64.58,55
RSC000960,514977563097956371,Catlas,The Monster Mash,Demons,Elite,64.47,52
RSC004595,729555609518604340,Draxz.,Whale Defense,Humpbacks,Veteran,52.15,50
RSC005305,506614916451532851,V,Cheese Guild,Brie Bandits,Elite,64.22,64
RSC005524,254106760988590080,Raunchyromanian,The Bakery,Dab Brulee,Elite,63.92,63
RSC004469,191326933181530112,Lock,The Sovereign,Knights,Elite,63.74,64
RSC000730,350144533629108224,Sillybunny,Storm,Cyclones,Elite,63.58,64
RSC000030,115985931093278722,Adeadm0053,Destined,Summoned,Elite,61.36,64
RSC000777,377313489519116291,Marcus.,Metal,Vibranium,Elite,61.27,61
RSC000229,183806695938588672,Far,The Serpents,Vipers,Elite,60.49,49
RSC004488,628683661574668308,Gravey,The Forest,,Elite,60.34,16
RSC000183,164183062060597248,Rex,The Monster Mash,Demons,Elite,60.33,60
RSC001784,201872441339805696,Vengeance,Snack Syndicate,Sugar Soldiers,Elite,60.16,60
RSC003178,111649646287273984,Snack Time!,Snack Syndicate,Sugar Soldiers,Elite,59.81,56
RSC000371,224338979778985985,Capn' Clutch,Destined,Summoned,Elite,59.40,46
RSC005216,331260017758044162,.Bzy,Italian Battalion,Lasagna Legion,Master,23.99,6
RSC001612,215242068321239041,Reverse Fridge,The Abyss,Anglers,Elite,58.57,58
RSC001848,201443624205025280,"Peeg :>, Lol.",The Abyss,Anglers,Elite,58.02,28
RSC000867,435908139909382166,Ritter,The Serpents,Vipers,Elite,57.76,52
RSC001921,118862629652398081,Dom,The Swarm,Hornets,Elite,57.37,60
RSC003167,311543045495717889,Kenny,The Monster Mash,Demons,Elite,57.00,59
RSC002148,246760994393686017,Sir Mcdouble,,,Elite,57.00,26
RSC005298,280142286292254720,Alexk,The Gods,Santa Muerte,Elite,56.34,49
RSC005385,276874973132619776,Girth,Metal,Vibranium,Elite,56.27,52
RSC004132,529431973081645056,Roberts7977,The Cosmos,Quasars,Elite,56.01,52
RSC004477,571824408939724815,Wulfy,,,Elite,55.48,8
RSC000365,222045776501538816,Trspriggs,The Serpents,Vipers,Elite,55.30,48
RSC005375,643295123207225394,Agrav.,Pantheon,Amaterasu,Elite,55.21,53
RSC004793,575101495431921665,Obi-Wan Snowglobie (Jake),,,Elite,54.32,16
RSC003134,549028311611998218,Kouki,Cheese Guild,Brie Bandits,Elite,54.31,59
RSC003113,522285691716108298,Nebulade,Italian Battalion,Ravioli Rangers,Elite,54.28,30
RSC002077,308791367583399937,Latte,Storm,Cyclones,Elite,54.27,64
RSC004634,346103926510059524,Gob,Metal,,Elite,53.38,35
RSC003866,256964207013134337,Skizzbo,The Abyss,Anglers,Elite,52.62,55
RSC003391,197049186280144896,-Venomz,,,Elite,52.32,4
RSC005469,262513426469879818,Axlos,,,Elite,52.29,4
RSC005768,186600667094188042,Naro,,,Elite,52.03,4
RSC003445,392550535946960897,Boscopls,Snack Syndicate,Sugar Soldiers,Elite,52.03,50
RSC000508,272111832049647626,Bender_Escobar (Lft),The Swarm,Hornets,Elite,51.98,60
RSC005123,798678685417996339,Zay,The Jungle,Sloths,Elite,51.97,29
RSC005516,716681355198595138,Localrl,The Forest,Wendigos,Elite,51.80,43
RSC000819,403020684332105729,Jwanderz,The Wavelengths,Gamma,Elite,51.34,45
RSC000197,170297499964145667,Kareemostyle,Minty Fresh,Menthol,Elite,50.86,56
RSC002097,235188530786205696,Noobz,The Jungle,Sloths,Elite,50.70,58
RSC002161,253264972203687939,Theangrytryhard,Minty Fresh,Menthol,Elite,50.07,63
RSC002209,359210479559770113,Panick,The Sovereign,Knights,Elite,50.00,56
RSC005434,569355391528337450,Blaster50,Seas Despair,Dark Mary,Elite,49.89,64
RSC000875,445734130441781259,Wusten,Dungeons And Double Taps,Warlocks,Elite,48.95,25
RSC000021,112746307877117952,Tyty,Energy,Nuclear,Elite,48.70,33
RSC005396,936453231096242287,Fitness,The Bakery,Dab Brulee,Elite,48.48,28
RSC004208,239148477014081536,Superstar,The Jungle,Sloths,Elite,47.54,58
RSC003014,337748184317165568,Sea Punk,,,Elite,47.34,27
RSC002513,308772413431218176,Supercruz101,Energy,Thermal,Veteran,54.51,49
RSC001059,604684098677637120,Saltybonnyr,Puppy Paradise,Rottweilers,Elite,46.61,37
RSC002335,251546891513364486,Jiggy Watt,Energy,Nuclear,Elite,46.57,24
RSC005024,993387669918847017,Sspekky,The Nexus,Aquarius,Elite,45.88,23
RSC000552,285618984282488834,Cerealkiller,The Abyss,Anglers,Elite,45.80,51
RSC003111,191302727442235393,Judgemental,Electric Mayhem,Thunder,Elite,45.68,64
RSC000437,249314424433672192,Lonely,The Bear Den,Teddy Bears,Elite,45.64,62
RSC003399,196048607902695424,Josan,The Wavelengths,Gamma,Elite,45.54,53
RSC000310,208786109990305793,Chrisakamrxd,Fifty-Fifty Pizzeria,Gelato,Elite,44.58,37
RSC001852,560079410896699401,Jester ,Metal,,Elite,44.41,33
RSC003055,859543908407836682,Lad,The Jungle,Sloths,Elite,44.34,50
RSC001487,114838598737461257,Mikeismyike,Destined,Summoned,Elite,44.31,60
RSC004361,816788883777388544,Ezpz Scopezz,The Swarm,Hornets,Elite,44.23,60
RSC005183,341821780123582465,Kagura Shinji,Italian Battalion,Linguini Lancers,Veteran,49.06,64
RSC002415,285173524937703424,Goum,The Garden,Onions,Elite,44.09,24
RSC002444,178753677442416640,Blender,The Wavelengths,Gamma,Elite,43.84,56
RSC000805,395397479941668875,Deezmuffinz,Puppy Paradise,Rottweilers,Elite,43.15,48
RSC002691,210828880066510848,Soup,The Bear Den,Teddy Bears,Elite,43.07,24
RSC000080,135812974924267520,Murloc,Eight Legged Freaks,Widows,Elite,41.98,64
RSC000302,207266416355835904,Tehblister,Fifty-Fifty Pizzeria,Gelato,Elite,41.78,45
RSC001098,110359232687144960,Wafe,The Bakery,Dab Brulee,Elite,41.76,49
RSC005637,469313524447969302,Huntusvalor,,,Elite,41.56,23
RSC000011,107568874295160832,Crazy Vulpix,The Gods,Santa Muerte,Elite,41.24,48
RSC001019,558131947050762241,Surge,Metal,Vibranium,Elite,41.20,47
RSC004544,254738972335538178,Uf2,Whale Defense,Finbacks,Elite,40.50,53
RSC004157,193059065843154944,Sky,Energy,Nuclear,Elite,40.15,43
RSC005484,259152640640811009,Alterra,The Garden,Onions,Elite,40.13,60
RSC003709,248498144881541120,Emit2Dlanod,The Bear Den,Teddy Bears,Elite,39.86,50
RSC005203,198555659183063050,Lordpinhead,Cheese Guild,Brie Bandits,Elite,39.79,12
RSC000645,319232850035605507,Denz,The Forest,Wendigos,Elite,39.38,44
RSC005763,155110800942563328,Tufguy,The Garden,Onions,Elite,39.12,12
RSC003380,712429268306493554,Revan,The Cosmos,Quasars,Elite,38.59,30
RSC003150,310896468523352066,Slate,Fifty-Fifty Pizzeria,Gelato,Elite,38.03,49
RSC002210,168830404835540992,Ninjatron,The Elements,Fire,Elite,37.82,52
RSC005662,700681581106298983,Saucey.,,,Elite,37.45,14
RSC003082,355512596524171273,Skulzy9,The Gods,Santa Muerte,Elite,37.41,50
RSC005700,532390471670956032,Wtchdctr,,,Elite,37.17,10
RSC001875,172183019614896129,Minty,Whale Defense,Finbacks,Elite,36.91,6
RSC002105,224597214574542848,Flexy,Whale Defense,Finbacks,Elite,36.36,31
RSC005030,213673920891584513,Prollyjoe,The Jungle,Lemurs,Elite,36.26,23
RSC000606,302240241643945984,Y-Low,Eight Legged Freaks,Widows,Elite,35.99,22
RSC003799,296219209523003393,Armo27,The Wavelengths,Gamma,Elite,35.13,26
RSC004734,533876924682993705,Siiderij23,The Cosmos,Quasars,Elite,34.85,64
RSC000124,146479459967565824,Mrfelon,Snack Syndicate,Sugar Soldiers,Elite,33.52,26
RSC000016,110927365546201088,Beans,The Gods,Santa Muerte,Elite,33.03,32
RSC004015,548256168405893208,Vybe,Pantheon,Amaterasu,Elite,32.24,36
RSC000626,310566334364909569,Canadian Things,Dungeons And Double Taps,Warlocks,Elite,31.36,41
RSC000649,320022351918006276,2Jsix,The Elements,Fire,Elite,30.70,52
RSC003505,274013157905661953,G,Pantheon,Amaterasu,Elite,30.42,40
RSC000574,293080907005427712,Icy,Whale Defense,Finbacks,Elite,29.82,60
RSC004910,104791226984706048,Seefooo,Dungeons And Double Taps,Warlocks,Elite,29.82,63
RSC000617,306907868240543745,Dav,Minty Fresh,Menthol,Elite,29.74,50
RSC002475,413502670884700181,Theonlynx,,,Elite,28.88,7
RSC004794,339546382190772236,Buddha,Electric Mayhem,Thunder,Elite,28.69,8
RSC004295,175371459957358592,Heavyumlaut,Puppy Paradise,Rottweilers,Elite,28.54,49
RSC000779,820683748105912352,Chill,The Elements,Fire,Elite,27.84,25
RSC005008,709123751605960876,Best Cheerleader Eu,,,Elite,27.64,26
RSC000544,282687259369799682,Xaerous,The Elements,Fire,Elite,27.49,63
RSC002403,541824928006012928,Zro.,,,Elite,27.38,6
RSC000369,223603266620096512,Hexzy,The Forest,Wendigos,Elite,26.61,16
RSC003009,201143229826072576,Twisted,Energy,Nuclear,Elite,26.28,58
RSC005535,268087346430345217,R.Etro,The Garden,Onions,Elite,26.28,26
RSC005733,471169377262370826,Apollo,The Bakery,Dab Brulee,Elite,24.80,40
RSC004314,249751219696828429,Xxmemexxxl0Rdxx,The Cosmos,Quasars,Elite,24.75,8
RSC002386,308086057965060096,Gidderrrs,Eight Legged Freaks,Wolf Spiders,Rival,21.81,41
RSC001960,409791811369041920,Angel,Italian Battalion,Ravioli Rangers,Elite,22.51,50
RSC003705,178711181274382346,Skybud_,,,Elite,21.75,17
RSC005698,204361513723494401,Notjo,Shark Attack,Great Whites,Elite,20.53,12
RSC004353,765987588854120469,Super,The Forest,Wendigos,Elite,19.87,38
RSC002498,322770380517539842,Justin,Fifty-Fifty Pizzeria,Gelato,Elite,19.15,43
RSC003203,609203819364089856,Turnzy,,,Elite,17.85,4
RSC000203,174024053143764992,Frostybrew,The Monster Mash,Demons,Elite,16.38,14
RSC004355,365643041907933186,Legacy.,Eight Legged Freaks,Widows,Elite,14.99,46
RSC000367,222800214367535104,Pana,The Cosmos,,Elite,14.77,23
RSC003307,103715570515464192,Lazy6714,,,Elite,14.72,3
RSC000612,304414703705391106,Taq_7,,,Elite,13.08,8
RSC000766,370641110785064971,Visionaryone,,,Elite,7.50,5
RSC001141,174351324010250241,Bill3113,The Sovereign,Knights,Elite,7.09,12
RSC000639,316729236733952002,General Mills,Storm,Cyclones,Elite,7.00,5
RSC004205,417865487637282827,Tirmenat,Puppy Paradise,Rottweilers,Elite,6.15,21
RSC005370,261668442388692994,Slum,The Bear Den,Teddy Bears,Elite,1.35,8
RSC003418,392752715605999619,Fern,,,Elite,0.62,16
RSC002212,571838967067181084,Yoshi,Destined,Summoned,Elite,-3.32,16
RSC000322,212079983282094081,Humble Potato,Destined,Possessed,Veteran,34.63,29
RSC004165,412338210992291850,.Tor.,Seas Despair,Dark Mary,Elite,-13.04,1
RSC000175,161993761927331840,Nytro,The Swarm,Hornets,Elite,-14.28,4
RSC002178,276888283311636481,Bird,The Nexus,Orion,Elite,-21.37,4
RSC002271,497096781000081425,Eeeeeeeeeeeeeeeeeeeeeel,,,Elite,-22.00,5
RSC005475,263480093974855680,Nv_3E00,Energy,Potential,Amateur,60.62,46
RSC004542,322933120422772736,Cdeathuwu,The Wavelengths,X-ray,Veteran,34.10,27
RSC003789,352600418062303244,Monty,Seas Despair,Valencias Wrath,Veteran,54.08,32
RSC005709,460793769634037773,Nanovo1Tage,The Elements,Ice,Contender,94.86,49
RSC005503,796060043832721428,Imlurkinn,Destined,Sacrificed,Amateur,84.42,52
RSC005533,433121828383358986,Enygmah-_-,Energy,Gravitational,Contender,83.33,45
RSC002991,300428317088153600,Santa Turtle,Dungeons And Double Taps,Clerics,Contender,79.44,43
RSC005496,334156177434738709,Ant Society,Eight Legged Freaks,Hobo Spiders,Contender,78.08,47
RSC004276,687462683024556069,Dgitlsickboy,Eight Legged Freaks,Hobo Spiders,Contender,72.35,27
RSC003598,207689572564467712,I_Win_2681,The Elements,Ice,Contender,71.83,13
RSC005527,626197456761389076,Colossus4203316,Destined,Devoured,Amateur,14.82,15
RSC000656,322104525517488128,Kevbot-13,The Cosmos,Planetary,Contender,66.96,48
RSC004681,669716505134366761,Speciial_Eddy,Destined,Devoured,Contender,64.69,22
RSC004012,451011445015183360,Kgfan3,Electric Mayhem,Static,Contender,62.30,47
RSC000315,209749118837325824,Maxox,The Elements,Ice,Contender,61.37,49
RSC004619,749779300609294387,Firefly3616,Pantheon,Dionysus,Contender,60.59,33
RSC000963,517398288199319555,Sup3Rm4N,Pantheon,Dionysus,Contender,59.46,45
RSC005659,954865991555371088,Okingdeedss,,,Contender,58.52,8
RSC004952,209470787898310656,Iamdmachinee,Energy,Gravitational,Contender,56.12,41
RSC004890,256884585714024448,Kamikaze7200,Dungeons And Double Taps,Clerics,Contender,55.72,36
RSC005521,255890290714476544,Sohl,Pantheon,Dionysus,Contender,54.87,48
RSC004777,547558676659961866,Prestondew00,Electric Mayhem,Static,Contender,54.33,30
RSC001765,107134696206385152,El_Trios,Dungeons And Double Taps,Clerics,Contender,53.34,45
RSC002849,640750393885982721,Shark06,Dungeons And Double Taps,Clerics,Contender,52.14,32
RSC005462,189410664668856321,Mxaph4Nt0M,Fifty-Fifty Pizzeria,Garlic Knots,Contender,51.47,43
RSC005357,759865153616347167,Alphaslayer6072,Fifty-Fifty Pizzeria,Garlic Knots,Contender,50.85,38
RSC004509,175349093462310914,Tazlien,,,Contender,50.52,34
RSC004106,458748410733002763,K.Doughboy,Electric Mayhem,Static,Contender,46.74,47
RSC005494,277645282282307584,Agent_Mandark,Energy,Gravitational,Contender,44.41,46
RSC000086,137762763912118272,Stale Popcorn,Eight Legged Freaks,Hobo Spiders,Contender,44.03,41
RSC005280,941164310426701895,Engineerrl,Pantheon,Dionysus,Contender,41.90,30
RSC005145,276575216233349121,Attonas,Fifty-Fifty Pizzeria,Garlic Knots,Contender,41.33,46
RSC005617,1005263426139983912,Lobsterface,Destined,Devoured,Contender,40.14,51
RSC000776,376774753492664322,Bernatra,,,Contender,38.79,12
RSC005470,765281648626892851,Scribowls,The Garden,Pumpkins,Contender,37.45,36
RSC004972,781564482202763265,Buck_Nut82,The Cosmos,Planetary,Contender,37.16,52
RSC002911,483449696157958144,Alextross,Fifty-Fifty Pizzeria,Garlic Knots,Contender,36.79,25
RSC004939,894670685413208135,Jdoyle15,The Cosmos,Antimatter,Amateur,31.33,18
RSC001026,559922153835855892,Ragegamingis1,The Garden,Pumpkins,Contender,34.76,38
RSC005275,160916977324392449,Salvation,The Garden,Pumpkins,Contender,34.08,40
RSC005266,687809973111226394,Trobb,The Garden,Pumpkins,Contender,32.74,42
RSC005488,437602750805573632,Benc9.,,,Contender,30.79,3
RSC004679,282597346187935744,Shadic148,,,Contender,29.96,27
RSC005378,356514571034427393,Sky406,The Cosmos,Planetary,Contender,29.92,32
RSC004234,737453998600093836,Cbhiphop77,Energy,Gravitational,Contender,28.65,21
RSC003362,701510542325710989,Quidditch Captn,The Elements,Ice,Contender,27.87,45
RSC002828,404441196862373889,D1Rew00F,Destined,Devoured,Contender,19.77,37
RSC005798,339269985673150484,Bengr33Dy,,,Contender,15.79,4
RSC001035,562670034955272213,Charlieharley_1,Electric Mayhem,Static,Contender,13.68,13
RSC005721,180131769696256000,Sentinel,,,Contender,11.63,13
RSC003288,211753975534321665,Greengofantastic,Eight Legged Freaks,Hobo Spiders,Contender,3.23,7
RSC004853,228545603444015105,Joshua,,,Contender,-2.21,7
RSC005663,589512729392316446,Og_Cuddles_,The Cosmos,Planetary,Contender,-8.99,12
RSC005474,434195317114535946,X-_-Fath3R-_-X,,,Challenger,105.81,4
RSC005162,198474019060580353,Norcho Rivers,,,Challenger,98.02,3
RSC005657,530469068504039424,Thereal.Potato,Storm,Squalls,Challenger,96.87,51
RSC002308,223132169965535233,Quaice,The Gods,Shinigami,Challenger,94.76,15
RSC005335,143585132513591296,R4Ppp,,,Challenger,94.33,4
RSC004326,210785640231469057,The_Peskiest,The Wavelengths,Visible Light,Challenger,85.10,52
RSC005685,543858509742080010,Touchrl,The Abyss,Isopods,Challenger,80.42,60
RSC003900,788226068929576970,Tryhard Goblin,The Elements,Metal,Challenger,76.60,58
RSC005428,405261198737801216,Zachs Vibes,Eight Legged Freaks,Tarantulas,Challenger,76.12,35
RSC000172,161326083021602816,Bill Nye The Cat Guy,Storm,Squalls,Challenger,75.99,38
RSC005328,621386864569614357,Rickyspanish483,The Bakery,Puffin Pastries,Challenger,75.77,57
RSC004239,305826641337384970,Nitrocd,Electric Mayhem,Shock,Challenger,75.73,47
RSC005691,275683127093886977,Dr. Ukulele,Storm,Squalls,Challenger,74.90,55
RSC003919,479777469398777886,Yaboijeans,Cheese Guild,Havarti Hustlers,Challenger,74.23,29
RSC005246,56213226060263424,Irishhhh,The Garden,Strawberries,Challenger,71.82,48
RSC004872,264954506897391617,Justlaben,The Forest,Griffins,Challenger,71.19,54
RSC003697,161949083118993409,Deaththekid331,The Jungle,Toucans,Challenger,71.09,36
RSC005212,272157698877816833,Crackdragon,Seas Despair,Phantoms Deep,Challenger,70.44,60
RSC004967,361296997128339460,Lee-Lo,The Nexus,Arcturus,Challenger,70.15,50
RSC001995,265690328873304072,Tvveedle,,,Challenger,69.18,4
RSC005539,789659409269653515,Sthenoz.Era,Cheese Guild,Havarti Hustlers,Challenger,68.94,56
RSC000922,477567448904892427,Derk,The Garden,Strawberries,Challenger,68.71,52
RSC005238,456610982106497034,Iamhoba,The Gods,Shinigami,Challenger,68.52,60
RSC005294,671242371631022083,Mogulmaniac5480,The Cosmos,Nebulae,Challenger,66.74,52
RSC005367,511034620360523786,Fryer_Lee,Whale Defense,Belugas,Challenger,66.61,49
RSC005237,106301370939740160,Then000Bster,The Cosmos,Nebulae,Challenger,66.21,46
RSC003193,734834180097310813,Shiftdrink,Eight Legged Freaks,Tarantulas,Challenger,65.79,33
RSC004255,217058789059198976,Avgjohnson,Storm,Squalls,Challenger,65.76,34
RSC005079,256935434561650688,Blu3Prints,Fifty-Fifty Pizzeria,Breadsticks,Challenger,65.40,60
RSC004539,594982258176426054,Dumplingsaregod,Shark Attack,Threshers,Challenger,65.35,53
RSC000346,217846691909468161,Beeb,The Garden,Strawberries,Challenger,65.11,44
RSC004018,581924546161147905,Yourboiblue,The Cosmos,Nebulae,Challenger,64.36,43
RSC004850,297532880094232577,Onepopshop88,The Monster Mash,Zombies,Challenger,64.25,60
RSC005314,360998926712569858,Daggumbigfoot,The Forest,Griffins,Challenger,63.78,34
RSC004896,424654369657716766,Phoenixark_7,,,Challenger,63.71,8
RSC005729,196350509454589952,Cherry,Puppy Paradise,Bulldogs,Challenger,63.03,42
RSC002834,430525824932904961,Clockwork7678,The Elements,Metal,Challenger,61.90,30
RSC004628,217013015394910209,Chromium_Fire,Whale Defense,Belugas,Challenger,61.75,48
RSC005491,694547643182874695,Jackowanou,The Gods,Shinigami,Challenger,61.33,38
RSC005816,499109194671063041,Fg_Xploit,,,Challenger,61.09,4
RSC002262,327954516978958337,Crypt1Cgames,The Wavelengths,Visible Light,Challenger,60.70,49
RSC005498,155031167282708480,Discoverablematt,The Swarm,Killer Bees,Challenger,60.61,38
RSC005678,548192557889224754,Itzpxrsonal,Italian Battalion,Penne Patrol,Challenger,60.11,42
RSC005300,949851615203057674,Renjisw,The Forest,Griffins,Challenger,59.29,42
RSC005628,451816869821939723,I Love Sand,The Nexus,Arcturus,Challenger,58.37,40
RSC004763,560277480385282074,Smba-,Italian Battalion,Penne Patrol,Challenger,58.32,46
RSC005263,296792684138332160,Donyvan,The Forest,Griffins,Challenger,58.25,47
RSC005167,590337957370789899,Cooper.,The Wavelengths,Visible Light,Challenger,58.22,47
RSC002988,536998807427350539,Pwapp,The Jungle,Toucans,Challenger,57.97,60
RSC002809,258707005332520970,Wannabuybubbles,The Serpents,Kraits,Challenger,57.88,54
RSC002616,530802597305516033,Ruthle,The Jungle,Toucans,Challenger,57.34,47
RSC005489,307922325045510145,Mabracadabra,The Garden,Strawberries,Challenger,56.98,21
RSC005316,263299967504875520,Modoz,The Bakery,Puffin Pastries,Challenger,56.90,52
RSC004713,783309158367756298,Trynot2Cry91,The Serpents,,Challenger,56.81,43
RSC003382,141651604100087809,Whymer,Dungeons And Double Taps,Wizards,Challenger,55.21,39
RSC004597,448125564390342673,Xxblindbeastxx,Destined,Deceased,Challenger,55.20,14
RSC000534,279478381395836930,Blood12Aven,Fifty-Fifty Pizzeria,Breadsticks,Challenger,54.69,41
RSC005655,478239137355399168,D_Rowzz_Ttv,The Wavelengths,Visible Light,Challenger,54.30,32
RSC005265,498623167171002397,Doctorprofessor_,Destined,Deceased,Challenger,54.24,54
RSC004655,599807385577717760,Garretbax,Seas Despair,Phantoms Deep,Challenger,53.97,43
RSC005256,900969039155838996,Viiiccc,The Bakery,Puffin Pastries,Challenger,53.34,41
RSC002461,208716175658450945,Mimzy Dangerous,The Nexus,Arcturus,Challenger,53.18,42
RSC004059,699809271386210404,Turboalpaca,The Sovereign,Spartans,Challenger,51.50,54
RSC005671,233022446763114497,Fetiv,Cheese Guild,Havarti Hustlers,Challenger,51.36,57
RSC001031,836603931583840376,Ab26Panther,Eight Legged Freaks,Tarantulas,Challenger,51.18,56
RSC004997,761083519702532126,Seiiko,The Bear Den,Panda Bears,Challenger,50.74,21
RSC000054,124319097713328130,Blindvisionary,The Elements,Metal,Challenger,50.65,51
RSC005485,530487595814223912,Exlie.,,,Challenger,50.30,19
RSC004614,258468279193042945,Bad_Example,Italian Battalion,Penne Patrol,Challenger,49.64,47
RSC002956,194934007064952843,Ofodo,The Elements,Metal,Challenger,49.38,40
RSC005718,268533671621820427,Baked Carrots,The Monster Mash,Zombies,Challenger,49.11,56
RSC005633,599724425155313695,Ishioe,Metal,Steel,Challenger,48.94,54
RSC001933,605301213574987778,Ducky,Dungeons And Double Taps,Wizards,Challenger,48.74,51
RSC004073,262719967789711361,Butt.Quakes,Fifty-Fifty Pizzeria,Breadsticks,Challenger,48.51,11
RSC004376,165849457273995264,Missionaryjackk,Metal,Steel,Challenger,47.97,49
RSC004620,162395797000945664,Kyn,The Swarm,Killer Bees,Challenger,47.91,51
RSC000221,179637016026152960,Treefrog,The Gods,Shinigami,Challenger,47.83,43
RSC005106,295587042182561792,Xkilk,The Monster Mash,Zombies,Challenger,47.33,17
RSC001817,439550263896965121,Young Dylon,Whale Defense,Belugas,Challenger,46.10,39
RSC004166,190159830068101120,Markoyo,Metal,Steel,Challenger,45.17,51
RSC003978,293908028351315968,Thenio,Eight Legged Freaks,Tarantulas,Challenger,45.07,54
RSC002182,496449494603399198,Breadmg,,,Challenger,44.61,25
RSC000347,217874027543265280,Chris.,Pantheon,Tyr,Challenger,44.36,41
RSC004933,399676999783809025,Enric0 Palazz0,The Swarm,Killer Bees,Challenger,44.12,53
RSC004845,756300451821125653,Binboiz,Italian Battalion,Penne Patrol,Challenger,44.02,55
RSC000938,490699929417941012,Nukem,,,Challenger,43.12,15
RSC004888,266014770698780672,Agentanime07,,,Challenger,42.88,15
RSC004163,284500884485046272,Perryxpotter,Fifty-Fifty Pizzeria,Breadsticks,Challenger,42.81,60
RSC005331,415600789633892353,Villet,,,Challenger,42.05,24
RSC002494,407325285252464641,Rpi Lone Wolf,Snack Syndicate,Apple Associates,Challenger,42.00,28
RSC004817,195613766954516481,Crybound,Energy,Chemical,Challenger,41.78,26
RSC002414,349765009825595394,Xxdarksidexx,The Abyss,Isopods,Challenger,41.58,46
RSC003498,339046592936017920,Merioch,The Sovereign,Spartans,Challenger,40.94,48
RSC004670,525395505027743765,Carnagewolfbite,Metal,Steel,Challenger,40.72,58
RSC002328,355184559874244609,Trudsky,Shark Attack,Threshers,Challenger,40.63,58
RSC005590,118169037040517126,Grab,,,Challenger,40.51,36
RSC001942,221055746635333633,Dendro,The Swarm,Killer Bees,Challenger,40.46,20
RSC004279,367559129247514634,Onlyjammer,Puppy Paradise,Bulldogs,Challenger,39.62,58
RSC004844,568430798357659659,Calicat01,Electric Mayhem,Shock,Challenger,39.42,60
RSC004724,330748842280747009,Kevin :D,Shark Attack,Threshers,Challenger,39.37,32
RSC004222,682987576067620938,Atma-,The Sovereign,Spartans,Challenger,39.28,57
RSC005165,935208642813239356,Sedecim.,The Bakery,Puffin Pastries,Challenger,39.11,30
RSC003803,448954451370442774,(Xp),The Serpents,Kraits,Challenger,38.85,58
RSC001147,400424234138206210,Blxxr,Minty Fresh,Smooth Mint,Challenger,38.82,51
RSC001045,572605432921849877,Progmoney1100,The Jungle,,Challenger,38.81,4
RSC002840,117153306949844997,Jandr,,,Challenger,37.93,2
RSC004424,189199825604968448,Bigboy,,,Challenger,37.62,8
RSC005493,233400724988493824,Nj111_,The Jungle,Toucans,Challenger,37.57,25
RSC003207,446492099710418955,Lordhadron,Destined,Deceased,Challenger,37.48,49
RSC000432,245731511981178881,Jonrezz,Dungeons And Double Taps,Wizards,Challenger,36.65,39
RSC005098,381154614789144586,Itsjustcrimm,Seas Despair,Phantoms Deep,Challenger,35.98,54
RSC003916,732477615750905919,G Robber22,Minty Fresh,Smooth Mint,Challenger,35.88,44
RSC004388,164212516635934721,Bobbo174,The Bear Den,Panda Bears,Challenger,35.87,48
RSC003367,519542890091773956,Osoghost,Snack Syndicate,Apple Associates,Challenger,35.03,46
RSC003146,85594654157864960,Haakon,The Bear Den,Panda Bears,Challenger,34.72,51
RSC005154,239217405669146625,Tacobae,The Monster Mash,Zombies,Challenger,34.36,60
RSC005276,337758284423626774,Dctgti,Energy,Chemical,Challenger,34.19,56
RSC004220,310146268766928897,Logixaal,Pantheon,Tyr,Challenger,34.12,42
RSC002864,247086199200677888,Grovelove,The Cosmos,Nebulae,Challenger,33.74,35
RSC004037,542944893383737344,Humd1Gger,Metal,Iron,Prospect,67.21,24
RSC000005,103606950419234816,Kli,Electric Mayhem,Shock,Challenger,32.32,14
RSC005253,347048526405959691,Dinnindu,Electric Mayhem,Shock,Challenger,30.89,55
RSC001576,246485402842693633,Polarpandah,The Abyss,Isopods,Challenger,30.55,53
RSC005397,568613820583510019,Pridedbird3406,,,Challenger,30.46,8
RSC002897,268935866557136897,Vickyviksta,The Bear Den,Panda Bears,Challenger,29.98,57
RSC004970,714295781053562950,Tgunn05,Energy,Chemical,Challenger,29.92,50
RSC001828,158298559131680768,Zcgentry,Whale Defense,Belugas,Challenger,28.24,44
RSC001032,562138790827655199,Jme,Dungeons And Double Taps,Wizards,Challenger,28.12,27
RSC004699,740678111334760459,D3Wly,Eight Legged Freaks,,Challenger,27.81,8
RSC004907,773036706223882260,Kiwi.,Snack Syndicate,Apple Associates,Challenger,24.86,28
RSC004618,337015441497260033,Squirrel,Minty Fresh,Smooth Mint,Challenger,24.75,33
RSC004790,779831022632042497,Thefrostnl,Pantheon,Tyr,Challenger,23.26,13
RSC005018,331259529964552192,Smitty,The Serpents,Kraits,Challenger,23.19,11
RSC002982,691859077831327824,Ayochi11,Snack Syndicate,Apple Associates,Challenger,22.88,36
RSC004263,189466574011367424,Logicc,The Serpents,Kraits,Challenger,22.22,14
RSC005209,699633239886659614,Carshawnlynchttv,Energy,Chemical,Challenger,22.16,31
RSC002350,565715380371456001,Nacho,,,Challenger,20.79,14
RSC000261,194121820981428225,Chugg,Shark Attack,Threshers,Challenger,20.71,24
RSC005169,260626594102640640,Nightraptor04,The Nexus,Arcturus,Prospect,42.71,28
RSC005399,440097363911114752,The Squiddler,Puppy Paradise,Bulldogs,Challenger,20.37,49
RSC005505,607045390595784704,The_Wheelman_95,Energy,Kinetic,Challenger,19.19,12
RSC003743,271157276214034435,N00Bpr0N,Cheese Guild,Havarti Hustlers,Challenger,18.93,38
RSC001765,107134696206385152,El_Trios,Dungeons And Double Taps,Clerics,Contender,53.34,45
RSC005675,88076845408337920,Lil Nasty,The Abyss,Isopods,Challenger,15.55,21
RSC001820,297052621544357888,Youreviltwin,Puppy Paradise,Bulldogs,Challenger,12.88,27
RSC003450,209079159501094912,Chronoelevated,Destined,Deceased,Challenger,12.39,15
RSC003827,466260810818387968,Calichromatic,Seas Despair,Phantoms Deep,Challenger,12.26,16
RSC003929,484467841634926593,Whoviancat,The Nexus,Scorpius,Rival,1.90,38
RSC005150,720341628669132802,Galatiq,Pantheon,Tyr,Challenger,10.85,16
RSC002412,665380599229579265,Rosefanatic3615,Minty Fresh,Smooth Mint,Challenger,7.53,47
RSC002841,168589771709480960,Dyl,,,Challenger,6.36,4
RSC005426,704785511268745280,Nineohprime,,,Challenger,1.93,4
RSC000258,192716181755527169,Honeybadgermo,,,Challenger,-3.32,4
RSC003054,535212071734739005,Particlect,,,Challenger,-8.27,4
RSC004282,786988993395949608,Fudansynder,The Sovereign,Spartans,Prospect,47.50,18
RSC005759,339621420541804544,Xernaut,,,Challenger,-17.55,1
RSC005215,638108596390985738,Countrywolfz,Pantheon,Nuwa,Amateur,89.39,55
RSC005503,796060043832721428,Imlurkinn,Destined,Sacrificed,Amateur,84.42,52
RSC005486,262544576214990859,Haze,,,Amateur,79.56,3
RSC005455,265249220775247873,Covi,Eight Legged Freaks,Flic-Flacs,Amateur,78.39,51
RSC000879,450113632517488640,Inwardlicense54,Destined,Sacrificed,Amateur,70.55,48
RSC005099,394304130266562561,Neithernick,Fifty-Fifty Pizzeria,House Salads,Amateur,69.23,56
RSC005689,289162367751815168,Ary,The Elements,Surprise,Amateur,63.45,26
RSC005506,905169812462919710,Larzten,The Garden,Potatoes,Amateur,62.42,41
RSC005475,263480093974855680,Nv_3E00,Energy,Potential,Amateur,60.62,46
RSC005549,822203944100429875,Sugar_Biscuit20,The Cosmos,Antimatter,Amateur,58.96,55
RSC005526,260576707616964610,Infernape1700,Fifty-Fifty Pizzeria,House Salads,Amateur,58.71,55
RSC004902,316722230619013120,Cuse42,Pantheon,Nuwa,Amateur,57.16,55
RSC005519,681317051926577167,Pokeninja77,The Garden,Potatoes,Amateur,55.52,45
RSC003223,406582603546886154,Ark7000,The Elements,Surprise,Amateur,52.39,47
RSC005075,745367837442572378,Lockl11N,Eight Legged Freaks,Flic-Flacs,Amateur,48.85,47
RSC005724,294956000077676545,Cetchii,Fifty-Fifty Pizzeria,House Salads,Amateur,47.26,35
RSC005136,738215873701216316,Tdogplayz,The Elements,Surprise,Amateur,45.36,47
RSC000466,256946120498872330,Underbreadbore,Destined,Sacrificed,Amateur,42.58,46
RSC005542,387981479877148673,Godsfarm,Pantheon,Nuwa,Amateur,41.37,14
RSC005629,218196947314540564,Primalsoul,The Cosmos,Antimatter,Amateur,39.95,30
RSC000323,212385877878505474,Styk75,The Cosmos,Antimatter,Amateur,38.96,50
RSC005059,96388510767910912,Techfour,Pantheon,Nuwa,Amateur,38.24,44
RSC005725,965730506643759204,Rwalls516R,The Elements,Surprise,Amateur,37.72,48
RSC005339,693927938680422441,Dabzxst4Tu5,,,Amateur,35.56,10
RSC000146,154016874688937984,Ethrealdoom,Eight Legged Freaks,Flic-Flacs,Amateur,35.26,26
RSC005707,375741221944950825,Bluecrimsonjr,The Garden,Potatoes,Amateur,34.59,39
RSC004939,894670685413208135,Jdoyle15,The Cosmos,Antimatter,Amateur,31.33,18
RSC003968,303635437581369384,Shootzy,Fifty-Fifty Pizzeria,House Salads,Amateur,30.47,22
RSC005550,258067155495550977,Shraggaholic,Eight Legged Freaks,Flic-Flacs,Amateur,28.26,32
RSC004761,395735772080111616,Spiperwolf,The Garden,Potatoes,Amateur,23.05,24
RSC005723,725061223011582023,Reserentflyer5,Energy,Potential,Amateur,22.75,43
RSC005616,539301743129788436,Tigerblood2798,Destined,Sacrificed,Amateur,21.68,22
RSC005427,738668814484504597,Lltoxic_Dripll,Energy,Potential,Amateur,18.74,25
RSC005714,387890900174372868,T_I_M_O_G,Energy,Potential,Amateur,17.00,44
RSC005527,626197456761389076,Colossus4203316,Destined,Devoured,Amateur,14.82,15
RSC005825,399787371043749900,Zingaling,,,Amateur,7.40,4